subsystem,class,status,rationale
(root),BaseCurrencyProxy,ALLOWLISTED,"private assignment-proxy struct inside C++ Money, exists only so `settings.conversionType() = X` compiles; Python properties give that syntax natively"
(root),ConversionTypeProxy,ALLOWLISTED,"private assignment-proxy struct inside C++ Money; see BaseCurrencyProxy"
(root),DateProxy,ALLOWLISTED,"private nested `Settings::DateProxy : public ObservableValue<Date>` (ql/settings.hpp:41) existing only so `Settings::instance().evaluationDate() = d` compiles and so an unset date reads as today; both are the ObservableSettings.evaluation_date property plus evaluation_date_or_today() (patterns/observable_settings.py)"
(root),Error,ALLOWLISTED,"`class Error : public std::exception` (ql/errors.hpp:39) — QuantLib's single exception type. Python spells it pquantlib/exceptions.py:9 LibraryException, deriving from RuntimeError so `except RuntimeError` and `except Exception` behave as a Python caller expects; every qassert.require/fail raises it"
(root),Handle,ALLOWLISTED,"`template <class T> class Handle` (ql/handle.hpp:41) — the observable smart-pointer indirection that lets a curve/quote be swapped under its holders. This port threads the pointed-to object DIRECTLY and re-registers observers explicitly; the decision is documented at cashflows/cms_coupon_pricer.py:16 and implemented in every setTermStructure equivalent (e.g. termstructures/yield_/bond_helper.py:73)"
(root),Link,ALLOWLISTED,"private nested `Handle::Link : public Observable, public Observer` (ql/handle.hpp:43) — the shared observable cell a Handle points at; it has no meaning without Handle, see the Handle entry"
(root),Position,ALLOWLISTED,"`struct Position { enum Type { Long, Short }; }` (ql/position.hpp:32) — a pure enum holder, C++'s way of namespacing an enum before enum class. Flattened to pquantlib/position.py:19 PositionType, with the C++ integer values"
(root),Protection,ALLOWLISTED,"`struct Protection { enum Side { Buyer, Seller }; }` (ql/default.hpp:32) — pure enum holder; flattened to instruments/credit_default_swap.py:58 ProtectionSide (re-exported by experimental/credit/synthetic_cdo.py:47)"
(root),RelinkableHandle,ALLOWLISTED,"`template <class T> class RelinkableHandle : public Handle<T>` (ql/handle.hpp:117) — adds linkTo() to Handle; see the Handle entry. Relinking is modelled by re-assigning the object and re-registering, e.g. termstructures/yield_/overnight_index_future_rate_helper.py:111"
indexes,CaseInsensitiveCompare,ALLOWLISTED,"nested comparator inside C++ IndexManager; Python normalises with name.lower() (pinned by the IndexManager tests)"
instruments,Average,ALLOWLISTED,"`struct Average { enum Type { Arithmetic, Geometric }; }` (ql/instruments/averagetype.hpp:34) — a pure enum holder, C++'s way of namespacing an enum before enum class. Flattened to instruments/average_type.py:17 AverageType"
instruments,Barrier,ALLOWLISTED,"`struct Barrier { enum Type { DownIn, UpIn, DownOut, UpOut }; }` (ql/instruments/barriertype.hpp:35) — pure enum holder; flattened to instruments/barrier_option.py:29 BarrierType"
instruments,DoubleBarrier,ALLOWLISTED,"`struct DoubleBarrier { enum Type { KnockIn, KnockOut, KIKO, KOKI }; }` (ql/instruments/doublebarriertype.hpp:33) — pure enum holder; flattened to instruments/double_barrier_option.py:32 DoubleBarrierType"
instruments,Futures,ALLOWLISTED,"`struct Futures { enum Type { IMM, ASX, Custom }; }` (ql/instruments/futures.hpp:33) — pure enum holder; flattened to termstructures/yield_/futures_rate_helper.py:35 FuturesType"
instruments,PartialBarrier,ALLOWLISTED,"`struct PartialBarrier { enum Range { Start, EndB1, EndB2 }; }` (ql/instruments/partialtimebarrieroption.hpp:36) — pure enum holder; flattened to experimental/barrieroption/partial_time_barrier_option.py:38 PartialBarrierRange"
instruments,Price,ALLOWLISTED,"nested `class Bond::Price` (ql/instruments/bond.hpp:68) — amount + Dirty/Clean tag. Flattened to instruments/bond.py:71 BondPrice with instruments/bond.py:64 BondPriceType, since a module-scope `Price` would collide with the unrelated free `enum PriceType` of ql/prices.hpp"
instruments,RatchetPayoff_2,ALLOWLISTED,"declared ONLY inside the dead /*--- ---*/ comment block of ql/instruments/stickyratchet.hpp (:197); see StickyRatchetPayoff"
instruments,Settlement,ALLOWLISTED,"`struct Settlement` (ql/instruments/swaption.hpp:41) holds two enums plus one static validator. Flattened to instruments/swaption.py:54 SettlementType, :64 SettlementMethod and :76 check_settlement_type_and_method_consistency, which reproduces Settlement::checkTypeAndMethodConsistency (swaption.cpp:207-220)"
instruments,StickyPayoff_2,ALLOWLISTED,"declared ONLY inside the dead /*--- ---*/ comment block of ql/instruments/stickyratchet.hpp (:213); see StickyRatchetPayoff"
instruments,StickyRatchetPayoff,ALLOWLISTED,"declared ONLY inside the /*--- ---*/ comment block at ql/instruments/stickyratchet.hpp:168-224, which C++ itself labels 'Old code for single sticky/ratchet payoffs, superated by DoubleStickyRatchetPayoff class above'. Not compiled; the live class is instruments/sticky_ratchet.py:39 DoubleStickyRatchetPayoff"
models,CachedSwapKey,ALLOWLISTED,"nested `Gaussian1dModel::CachedSwapKey` (ql/models/shortrate/onefactormodels/gaussian1dmodel.hpp:156) — a 3-field struct used only as an unordered_map key; the Python cache is keyed by a plain tuple, models/shortrate/gaussian1d_model.py:132"
models,CachedSwapKeyHasher,ALLOWLISTED,"nested `Gaussian1dModel::CachedSwapKeyHasher` (ql/models/shortrate/onefactormodels/gaussian1dmodel.hpp:166) — the std::hash functor CachedSwapKey needs; Python tuples are hashable without one, see CachedSwapKey"
models,Impl,ALLOWLISTED,"the pimpl base nested in ~50 unrelated C++ types (ql/time/calendar.hpp:64, ql/time/daycounter.hpp:47, ql/models/parameter.hpp:41, ...), so one name cannot map to one Python class. Calendar/DayCounter drop the pimpl and are subclassed directly (time/calendar.py:34, daycounters/day_counter.py:25); Parameter keeps the strategy and names it models/parameter.py:58 ParameterImpl"
models,ModelSettings,ALLOWLISTED,"nested `MarkovFunctional::ModelSettings` (ql/models/shortrate/onefactormodels/markovfunctional.hpp:115); flattened to module scope it needs the owner in the name, so it is models/shortrate/onefactor/markov_functional.py:105 MarkovFunctionalSettings"
models,NumericalImpl,ALLOWLISTED,"nested `TermStructureFittingParameter::NumericalImpl` (ql/models/parameter.hpp:147); flattening it to module scope needs the owner in the name, so it is models/parameter.py:292 TermStructureFittingParameterImpl (which carries that C++ parity note in situ)"
patterns,AcyclicVisitor,ALLOWLISTED,"`class AcyclicVisitor` (ql/patterns/visitor.hpp:33) is a DEGENERATE empty base — its only member is a virtual destructor — existing so C++ can dynamic_cast a visitor to Visitor<T>*; pquantlib.patterns.visitor.Visitor is a runtime_checkable Protocol and Event.accept isinstance-checks it (pquantlib/event.py), which is the same check without the tag base"
patterns,CuriouslyRecurringTemplate,ALLOWLISTED,"`template <class Impl> class CuriouslyRecurringTemplate` (ql/patterns/curiouslyrecurring.hpp:39) — a CRTP static-dispatch helper whose entire body is `static_cast<Impl&>(*this)`; Python resolves self.method() on the runtime class, so the idiom has no expression"
patterns,Foo,ALLOWLISTED,"not a declaration: a documentation placeholder inside the `\code ... \endcode` example blocks of ql/patterns/singleton.hpp:36 and ql/math/solver1d.hpp:43. The scanner reports it because it does not strip comments"
patterns,Proxy,ALLOWLISTED,"private nested `Observer::Proxy` (ql/patterns/observable.hpp:330) holding a mutex plus an `active_` flag so a dying Observer can be detached mid-notification; pquantlib.patterns.observer.Observable stores observers in a weakref.WeakSet (observer.py:27), which gives the same lifetime guarantee without the proxy"
utilities,Clone,ALLOWLISTED,"`template <class T> class Clone` (ql/utilities/clone.hpp:40) — a deep-copying smart pointer giving polymorphic VALUE semantics to a unique_ptr; Python names are already reference handles, so the port calls each product's own clone() directly (models/marketmodels/products/composite_product.py:153)"
utilities,DateParser,ALLOWLISTED,"`class DateParser` (ql/utilities/dataparsers.hpp:43) has no state and no instances — every member is a `static Date`. The Python module IS that namespace: pquantlib.time.date_parser.parse_iso (date_parser.py:27) and .parse_formatted (date_parser.py:48)"
utilities,Null,ALLOWLISTED,"`template <class Type> class Null` (ql/utilities/null.hpp:59) — a type-parameterised sentinel that implicitly converts to numeric_limits<float>::max(); this port spells the same sentinel `None` (pquantlib/prices.py, cashflows/dividend.py) and, where a float is structurally required, the NULL_REAL constant (math/statistics/general_statistics.py:32)"
utilities,ObservableValue,ALLOWLISTED,"`template <class T> class ObservableValue` (ql/utilities/observablevalue.hpp:42) — a value wrapper whose operator= notifies. QuantLib instantiates it in exactly ONE place, Settings::DateProxy (settings.hpp:41); the Python counterpart is the ObservableSettings.evaluation_date property setter, which notifies on change (patterns/observable_settings.py)"
utilities,PeriodParser,ALLOWLISTED,"`class PeriodParser` (ql/utilities/dataparsers.hpp:36) has no state and no instances — its single member is a `static Period parse`. The Python module IS that namespace: pquantlib.time.period_parser.parse (period_parser.py:55)"
utilities,Tracing,ALLOWLISTED,"`QuantLib::detail::Tracing` (ql/utilities/tracing.hpp:35) — a detail::-namespace singleton that exists ONLY to back the QL_TRACE* preprocessor macros, and whose enable() QL_FAILs unless the library was compiled with QL_ENABLE_TRACING. Python has no preprocessor; the stdlib `logging` module is the counterpart"
experimental,AdaptiveInertia,UNFLAGGED,
experimental,AffineHazardRate,UNFLAGGED,
experimental,AssetSwapHelper,UNFLAGGED,
experimental,BaseCorrelationLossModel,UNFLAGGED,
experimental,BaseCorrelationTermStructure,UNFLAGGED,
experimental,BlackCdsOptionEngine,UNFLAGGED,
experimental,CappedFlooredCmsSpreadCoupon,UNFLAGGED,
experimental,CdsOption,UNFLAGGED,
experimental,ClubsTopology,UNFLAGGED,
experimental,CmsSpreadLeg,UNFLAGGED,
experimental,ConstantLossLatentmodel,UNFLAGGED,
experimental,ConstantLossModel,UNFLAGGED,
experimental,DecreasingGaussianWalk,UNFLAGGED,
experimental,DefaultLatentModel,UNFLAGGED,
experimental,DigitalCmsSpreadCoupon,UNFLAGGED,
experimental,DigitalCmsSpreadLeg,UNFLAGGED,
experimental,DiscretizedDermanKaniDoubleBarrierOption,UNFLAGGED,
experimental,DiscretizedDoubleBarrierOption,UNFLAGGED,
experimental,DoubleBarrierPathPricer,UNFLAGGED,
experimental,ESFIntegrator,UNFLAGGED,
experimental,FactorSampler,UNFLAGGED,
experimental,FdExtOUJumpVanillaEngine,UNFLAGGED,
experimental,FdKlugeExtOUSpreadEngine,UNFLAGGED,
experimental,HomogeneousPoolLossModel,UNFLAGGED,
experimental,InhomogeneousPoolLossModel,UNFLAGGED,
experimental,IntegralNtdEngine,UNFLAGGED,
experimental,IntegrationBase,UNFLAGGED,
experimental,IntegrationFactory,UNFLAGGED,
experimental,InterpolatedAffineHazardRateCurve,UNFLAGGED,
experimental,InterpolationData,UNFLAGGED,
experimental,InterpolationParameter,UNFLAGGED,
experimental,LevyFlightInertia,UNFLAGGED,
experimental,LinearFlatInterpolationImpl,UNFLAGGED,
experimental,LongstaffSchwartzMultiPathPricer,UNFLAGGED,
experimental,LossDist,UNFLAGGED,
experimental,MCAmericanPathEngine,UNFLAGGED,
experimental,MCDoubleBarrierEngine,UNFLAGGED,
experimental,MCLongstaffSchwartzPathEngine,UNFLAGGED,
experimental,MakeMCAmericanPathEngine,UNFLAGGED,
experimental,MakeMCDoubleBarrierEngine,UNFLAGGED,
experimental,MakeMCEverestEngine,UNFLAGGED,
experimental,MakeMCHimalayaEngine,UNFLAGGED,
experimental,MakeMCPagodaEngine,UNFLAGGED,
experimental,MakeMCPathBasketEngine,UNFLAGGED,
experimental,ManipulateDistribution,UNFLAGGED,
experimental,MappingFunction,UNFLAGGED,
experimental,NoArbSabr,UNFLAGGED,
experimental,NoArbSabrSpecs,UNFLAGGED,
experimental,NorthAmericaCorpDefaultKey,UNFLAGGED,
experimental,OneFactorAffineSurvivalStructure,UNFLAGGED,
experimental,OneFactorGaussianStudentCopula,UNFLAGGED,
experimental,OneFactorStudentGaussianCopula,UNFLAGGED,
experimental,PathInfo,UNFLAGGED,
experimental,PerturbativeBarrierOptionEngine,UNFLAGGED,
experimental,Polynomial,UNFLAGGED,
experimental,Polynomial2DSplineImpl,UNFLAGGED,
experimental,QuantoDoubleBarrierOption,UNFLAGGED,
experimental,RandomDefaultLM,UNFLAGGED,
experimental,RandomLM,UNFLAGGED,
experimental,RandomLossLM,UNFLAGGED,
experimental,Root,UNFLAGGED,
experimental,SaddleObjectiveFunction,UNFLAGGED,
experimental,SaddlePercObjFunction,UNFLAGGED,
experimental,SaddlePointLossModel,UNFLAGGED,
experimental,SpotRecoveryLatentModel,UNFLAGGED,
experimental,StrippedCappedFlooredCouponLeg,UNFLAGGED,
experimental,SuoWangDoubleBarrierEngine,UNFLAGGED,
experimental,Svi,UNFLAGGED,
experimental,SviSpecs,UNFLAGGED,
experimental,SwaptionVolCubeNoArbSabrModel,UNFLAGGED,
experimental,TenorOptionletSmileSection,UNFLAGGED,
experimental,TenorSwaptionSmileSection,UNFLAGGED,
experimental,VannaVolga,UNFLAGGED,
experimental,VannaVolgaInterpolationImpl,UNFLAGGED,
experimental,VectorIntegrator,UNFLAGGED,
experimental,Ziggurat,UNFLAGGED,
math,AbcdInterpolationImpl,UNFLAGGED,
math,Array,UNFLAGGED,
math,BackwardFlatInterpolationImpl,UNFLAGGED,
math,BackwardflatLinearInterpolationImpl,UNFLAGGED,
math,BicubicSplineImpl,UNFLAGGED,
math,BilinearInterpolationImpl,UNFLAGGED,
math,ConvexMonotoneImpl,UNFLAGGED,
math,CubicInterpolationImpl,UNFLAGGED,
math,Data,UNFLAGGED,
math,DataTable,UNFLAGGED,
math,EmptyArg,UNFLAGGED,
math,EmptyDim,UNFLAGGED,
math,EmptyRes,UNFLAGGED,
math,FlatExtrapolator2DImpl,UNFLAGGED,
math,FlatExtrapolatorImpl,UNFLAGGED,
math,ForwardFlatInterpolationImpl,UNFLAGGED,
math,Int2Type,UNFLAGGED,
math,KernelInterpolation2DImpl,UNFLAGGED,
math,KernelInterpolationImpl,UNFLAGGED,
math,LagrangeInterpolationImpl,UNFLAGGED,
math,LinearInterpolationImpl,UNFLAGGED,
math,LogInterpolationImpl,UNFLAGGED,
math,Matrix,UNFLAGGED,
math,MixedInterpolationImpl,UNFLAGGED,
math,Point,UNFLAGGED,
math,XABRCoeffHolder,UNFLAGGED,
math,XABRError,UNFLAGGED,
math,XABRInterpolationImpl,UNFLAGGED,
math,Zabr,UNFLAGGED,
math,ZabrSpecs,UNFLAGGED,
methods,AdditiveEQPBinomialTree,UNFLAGGED,
methods,BSMRNDCalculator,UNFLAGGED,
methods,BoundaryConditionSchemeHelper,UNFLAGGED,
methods,Branching,UNFLAGGED,
methods,CEVRNDCalculator,UNFLAGGED,
methods,CraigSneydScheme,UNFLAGGED,
methods,DouglasScheme,UNFLAGGED,
methods,EarlyExerciseTraits,UNFLAGGED,
methods,EqualJumpsBinomialTree,UNFLAGGED,
methods,EqualProbabilitiesBinomialTree,UNFLAGGED,
methods,EscrowedDividendAdjustment,UNFLAGGED,
methods,ExponentialJump1dMesher,UNFLAGGED,
methods,Fdm1DimSolver,UNFLAGGED,
methods,Fdm2DimSolver,UNFLAGGED,
methods,Fdm2dBlackScholesOp,UNFLAGGED,
methods,Fdm2dBlackScholesSolver,UNFLAGGED,
methods,Fdm3DimSolver,UNFLAGGED,
methods,FdmAffineModelSwapInnerValue,UNFLAGGED,
methods,FdmAffineModelTermStructure,UNFLAGGED,
methods,FdmArithmeticAverageCondition,UNFLAGGED,
methods,FdmBatesOp,UNFLAGGED,
methods,FdmBatesSolver,UNFLAGGED,
methods,FdmBermudanStepCondition,UNFLAGGED,
methods,FdmBlackScholesFwdOp,UNFLAGGED,
methods,FdmBlackScholesMultiStrikeMesher,UNFLAGGED,
methods,FdmBlackScholesSolver,UNFLAGGED,
methods,FdmCEV1dMesher,UNFLAGGED,
methods,FdmCEVOp,UNFLAGGED,
methods,FdmCIREquityPart,UNFLAGGED,
methods,FdmCIRMixedPart,UNFLAGGED,
methods,FdmCIROp,UNFLAGGED,
methods,FdmCIRRatesPart,UNFLAGGED,
methods,FdmCIRSolver,UNFLAGGED,
methods,FdmCellAveragingInnerValue,UNFLAGGED,
methods,FdmDirichletBoundary,UNFLAGGED,
methods,FdmDiscountDirichletBoundary,UNFLAGGED,
methods,FdmDividendHandler,UNFLAGGED,
methods,FdmEscrowedLogInnerValueCalculator,UNFLAGGED,
methods,FdmG2Op,UNFLAGGED,
methods,FdmG2Solver,UNFLAGGED,
methods,FdmHestonEquityPart,UNFLAGGED,
methods,FdmHestonFwdOp,UNFLAGGED,
methods,FdmHestonGreensFct,UNFLAGGED,
methods,FdmHestonHullWhiteEquityPart,UNFLAGGED,
methods,FdmHestonHullWhiteOp,UNFLAGGED,
methods,FdmHestonHullWhiteSolver,UNFLAGGED,
methods,FdmHestonLocalVolatilityVarianceMesher,UNFLAGGED,
methods,FdmHestonOp,UNFLAGGED,
methods,FdmHestonSolver,UNFLAGGED,
methods,FdmHestonVarianceMesher,UNFLAGGED,
methods,FdmHestonVariancePart,UNFLAGGED,
methods,FdmHullWhiteOp,UNFLAGGED,
methods,FdmHullWhiteSolver,UNFLAGGED,
methods,FdmIndicesOnBoundary,UNFLAGGED,
methods,FdmInnerValueCalculator,UNFLAGGED,
methods,FdmLocalVolFwdOp,UNFLAGGED,
methods,FdmLogBasketInnerValue,UNFLAGGED,
methods,FdmLogInnerValue,UNFLAGGED,
methods,FdmMesherIntegral,UNFLAGGED,
methods,FdmNdimSolver,UNFLAGGED,
methods,FdmQuantoHelper,UNFLAGGED,
methods,FdmSabrOp,UNFLAGGED,
methods,FdmShoutLogInnerValueCalculator,UNFLAGGED,
methods,FdmSimple2dBSSolver,UNFLAGGED,
methods,FdmSimpleStorageCondition,UNFLAGGED,
methods,FdmSimpleSwingCondition,UNFLAGGED,
methods,FdmSnapshotCondition,UNFLAGGED,
methods,FdmSquareRootFwdOp,UNFLAGGED,
methods,FdmTimeDepDirichletBoundary,UNFLAGGED,
methods,FdmWienerOp,UNFLAGGED,
methods,FdmZeroInnerValue,UNFLAGGED,
methods,HestonRNDCalculator,UNFLAGGED,
methods,IntegroIntegrand,UNFLAGGED,
methods,InvCDFHelper,UNFLAGGED,
methods,Joshi4,UNFLAGGED,
methods,LocalVolRNDCalculator,UNFLAGGED,
methods,MethodOfLinesScheme,UNFLAGGED,
methods,ModTripleBandLinearOp,UNFLAGGED,
methods,ModifiedCraigSneydScheme,UNFLAGGED,
methods,MultiVariate,UNFLAGGED,
methods,NthOrderDerivativeOp,UNFLAGGED,
methods,NumericalDifferentiation,UNFLAGGED,
methods,OperatorTraits,UNFLAGGED,
methods,ParametricExercise,UNFLAGGED,
methods,Predefined1dMesher,UNFLAGGED,
methods,RiskNeutralDensityCalculator,UNFLAGGED,
methods,SingleVariate,UNFLAGGED,
methods,SquareRootProcessRNDCalculator,UNFLAGGED,
methods,TRBDF2,UNFLAGGED,
methods,TrBDF2Scheme,UNFLAGGED,
methods,TreeLattice,UNFLAGGED,
methods,TreeLattice2D,UNFLAGGED,
methods,Trigeorgis,UNFLAGGED,
methods,ZeroCondition,UNFLAGGED,
models,LogEntry,UNFLAGGED,
pricingengines,AmericanBasketPathPricer,UNFLAGGED,
pricingengines,AmericanPayoffAtExpiry,UNFLAGGED,
pricingengines,AmericanPayoffAtHit,UNFLAGGED,
pricingengines,AnalyticBSMHullWhiteEngine,UNFLAGGED,
pricingengines,AnalyticBlackVasicekEngine,UNFLAGGED,
pricingengines,AnalyticCEVEngine,UNFLAGGED,
pricingengines,AnalyticCliquetEngine,UNFLAGGED,
pricingengines,AnalyticContinuousFixedLookbackEngine,UNFLAGGED,
pricingengines,AnalyticDigitalAmericanEngine,UNFLAGGED,
pricingengines,AnalyticDigitalAmericanKOEngine,UNFLAGGED,
pricingengines,AnalyticDiscreteGeometricAverageStrikeAsianEngine,UNFLAGGED,
pricingengines,AnalyticDividendEuropeanEngine,UNFLAGGED,
pricingengines,AnalyticDoubleBarrierBinaryEngine,UNFLAGGED,
pricingengines,AnalyticGJRGARCHEngine,UNFLAGGED,
pricingengines,AnalyticH1HWEngine,UNFLAGGED,
pricingengines,AnalyticHestonHullWhiteEngine,UNFLAGGED,
pricingengines,AnalyticPTDHestonEngine,UNFLAGGED,
pricingengines,AnalyticPerformanceEngine,UNFLAGGED,
pricingengines,ArithmeticAPOHestonPathPricer,UNFLAGGED,
pricingengines,ArithmeticASOPathPricer,UNFLAGGED,
pricingengines,BachelierCalculator,UNFLAGGED,
pricingengines,BachelierSpec,UNFLAGGED,
pricingengines,BaroneAdesiWhaleyApproximationEngine,UNFLAGGED,
pricingengines,BarrierPathPricer,UNFLAGGED,
pricingengines,BasketGeneratingEngine,UNFLAGGED,
pricingengines,BatesDetJumpEngine,UNFLAGGED,
pricingengines,BatesDoubleExpDetJumpEngine,UNFLAGGED,
pricingengines,BatesDoubleExpEngine,UNFLAGGED,
pricingengines,BiasedBarrierPathPricer,UNFLAGGED,
pricingengines,BinomialBarrierEngine,UNFLAGGED,
pricingengines,BjerksundStenslandApproximationEngine,UNFLAGGED,
pricingengines,BjerksundStenslandSpreadEngine,UNFLAGGED,
pricingengines,Black76Spec,UNFLAGGED,
pricingengines,BondFunctions,UNFLAGGED,
pricingengines,CEVCalculator,UNFLAGGED,
pricingengines,COSHestonEngine,UNFLAGGED,
pricingengines,CashDividendEuropeanEngine,UNFLAGGED,
pricingengines,ChoiAsianEngine,UNFLAGGED,
pricingengines,ChoiBasketEngine,UNFLAGGED,
pricingengines,CounterpartyAdjSwapEngine,UNFLAGGED,
pricingengines,DengLiZhouBasketEngine,UNFLAGGED,
pricingengines,DigitalPathPricer,UNFLAGGED,
pricingengines,DiscountingFxForwardEngine,UNFLAGGED,
pricingengines,DiscretizedBarrierOption,UNFLAGGED,
pricingengines,DiscretizedDermanKaniBarrierOption,UNFLAGGED,
pricingengines,DiscretizedVanillaOption,UNFLAGGED,
pricingengines,EuropeanGJRGARCHPathPricer,UNFLAGGED,
pricingengines,EuropeanHestonPathPricer,UNFLAGGED,
pricingengines,EuropeanMultiPathPricer,UNFLAGGED,
pricingengines,ExponentialFittingHestonEngine,UNFLAGGED,
pricingengines,Fd2dBlackScholesVanillaEngine,UNFLAGGED,
pricingengines,FdBatesVanillaEngine,UNFLAGGED,
pricingengines,FdBlackScholesAsianEngine,UNFLAGGED,
pricingengines,FdBlackScholesBarrierEngine,UNFLAGGED,
pricingengines,FdBlackScholesRebateEngine,UNFLAGGED,
pricingengines,FdBlackScholesShoutEngine,UNFLAGGED,
pricingengines,FdCEVVanillaEngine,UNFLAGGED,
pricingengines,FdCIRVanillaEngine,UNFLAGGED,
pricingengines,FdG2SwaptionEngine,UNFLAGGED,
pricingengines,FdHestonBarrierEngine,UNFLAGGED,
pricingengines,FdHestonDoubleBarrierEngine,UNFLAGGED,
pricingengines,FdHestonHullWhiteVanillaEngine,UNFLAGGED,
pricingengines,FdHestonRebateEngine,UNFLAGGED,
pricingengines,FdHestonVanillaEngine,UNFLAGGED,
pricingengines,FdHullWhiteSwaptionEngine,UNFLAGGED,
pricingengines,FdSabrVanillaEngine,UNFLAGGED,
pricingengines,FdSimpleBSSwingEngine,UNFLAGGED,
pricingengines,FdndimBlackScholesVanillaEngine,UNFLAGGED,
pricingengines,FordeHestonExpansion,UNFLAGGED,
pricingengines,ForwardEuropeanBSPathPricer,UNFLAGGED,
pricingengines,ForwardEuropeanHestonPathPricer,UNFLAGGED,
pricingengines,ForwardPerformanceVanillaEngine,UNFLAGGED,
pricingengines,Gaussian1dJamshidianSwaptionEngine,UNFLAGGED,
pricingengines,Gaussian1dSwaptionEngine,UNFLAGGED,
pricingengines,GenericModelEngine,UNFLAGGED,
pricingengines,GeometricAPOHestonPathPricer,UNFLAGGED,
pricingengines,HestonExpansion,UNFLAGGED,
pricingengines,HestonExpansionEngine,UNFLAGGED,
pricingengines,HestonHullWhitePathPricer,UNFLAGGED,
pricingengines,HullWhiteCapFloorPricer,UNFLAGGED,
pricingengines,IntegralEngine,UNFLAGGED,
pricingengines,Integrand,UNFLAGGED,
pricingengines,JuQuadraticApproximationEngine,UNFLAGGED,
pricingengines,JumpDiffusionEngine,UNFLAGGED,
pricingengines,LPP2HestonExpansion,UNFLAGGED,
pricingengines,LPP3HestonExpansion,UNFLAGGED,
pricingengines,LatticeShortRateModelEngine,UNFLAGGED,
pricingengines,MCAmericanBasketEngine,UNFLAGGED,
pricingengines,MCBarrierEngine,UNFLAGGED,
pricingengines,MCDigitalEngine,UNFLAGGED,
pricingengines,MCDiscreteArithmeticAPEngine,UNFLAGGED,
pricingengines,MCDiscreteArithmeticAPHestonEngine,UNFLAGGED,
pricingengines,MCDiscreteArithmeticASEngine,UNFLAGGED,
pricingengines,MCDiscreteGeometricAPEngine,UNFLAGGED,
pricingengines,MCDiscreteGeometricAPHestonEngine,UNFLAGGED,
pricingengines,MCEuropeanBasketEngine,UNFLAGGED,
pricingengines,MCEuropeanGJRGARCHEngine,UNFLAGGED,
pricingengines,MCEuropeanHestonEngine,UNFLAGGED,
pricingengines,MCForwardEuropeanBSEngine,UNFLAGGED,
pricingengines,MCForwardEuropeanHestonEngine,UNFLAGGED,
pricingengines,MCForwardVanillaEngine,UNFLAGGED,
pricingengines,MCHestonHullWhiteEngine,UNFLAGGED,
pricingengines,MCHullWhiteCapFloorEngine,UNFLAGGED,
pricingengines,MCLookbackEngine,UNFLAGGED,
pricingengines,MCPerformanceEngine,UNFLAGGED,
pricingengines,MCVarianceSwapEngine,UNFLAGGED,
pricingengines,MakeFdBlackScholesVanillaEngine,UNFLAGGED,
pricingengines,MakeFdCIRVanillaEngine,UNFLAGGED,
pricingengines,MakeFdHestonVanillaEngine,UNFLAGGED,
pricingengines,MakeMCAmericanBasketEngine,UNFLAGGED,
pricingengines,MakeMCAmericanEngine,UNFLAGGED,
pricingengines,MakeMCBarrierEngine,UNFLAGGED,
pricingengines,MakeMCDigitalEngine,UNFLAGGED,
pricingengines,MakeMCDiscreteArithmeticAPEngine,UNFLAGGED,
pricingengines,MakeMCDiscreteArithmeticAPHestonEngine,UNFLAGGED,
pricingengines,MakeMCDiscreteArithmeticASEngine,UNFLAGGED,
pricingengines,MakeMCDiscreteGeometricAPEngine,UNFLAGGED,
pricingengines,MakeMCDiscreteGeometricAPHestonEngine,UNFLAGGED,
pricingengines,MakeMCEuropeanBasketEngine,UNFLAGGED,
pricingengines,MakeMCEuropeanEngine,UNFLAGGED,
pricingengines,MakeMCEuropeanGJRGARCHEngine,UNFLAGGED,
pricingengines,MakeMCEuropeanHestonEngine,UNFLAGGED,
pricingengines,MakeMCForwardEuropeanBSEngine,UNFLAGGED,
pricingengines,MakeMCForwardEuropeanHestonEngine,UNFLAGGED,
pricingengines,MakeMCHestonHullWhiteEngine,UNFLAGGED,
pricingengines,MakeMCHullWhiteCapFloorEngine,UNFLAGGED,
pricingengines,MakeMCLookbackEngine,UNFLAGGED,
pricingengines,MakeMCPerformanceEngine,UNFLAGGED,
pricingengines,MakeMCVarianceSwapEngine,UNFLAGGED,
pricingengines,MatchHelper,UNFLAGGED,
pricingengines,OperatorSplittingSpreadEngine,UNFLAGGED,
pricingengines,PastFixingsOnly,UNFLAGGED,
pricingengines,PerformanceOptionPathPricer,UNFLAGGED,
pricingengines,QdFpAmericanEngine,UNFLAGGED,
pricingengines,QdFpIterationScheme,UNFLAGGED,
pricingengines,QdFpLegendreScheme,UNFLAGGED,
pricingengines,QdFpLegendreTanhSinhScheme,UNFLAGGED,
pricingengines,QdFpTanhSinhIterationScheme,UNFLAGGED,
pricingengines,QdPlusAddOnValue,UNFLAGGED,
pricingengines,QdPlusAmericanEngine,UNFLAGGED,
pricingengines,QdPutCallParityEngine,UNFLAGGED,
pricingengines,RiskyBondEngine,UNFLAGGED,
pricingengines,SingleFactorBsmBasketEngine,UNFLAGGED,
pricingengines,SumExponentialsRootSolver,UNFLAGGED,
pricingengines,TreeVanillaSwapEngine,UNFLAGGED,
pricingengines,TurnbullWakemanAsianEngine,UNFLAGGED,
pricingengines,VariancePathPricer,UNFLAGGED,
pricingengines,VectorBsmProcessExtractor,UNFLAGGED,
termstructures,AbcdError,UNFLAGGED,
termstructures,AbcdParametersTransformation,UNFLAGGED,
termstructures,AbcdSquared,UNFLAGGED,
termstructures,AdditionalBootstrapVariables,UNFLAGGED,
termstructures,AndreasenHugeLocalVolAdapter,UNFLAGGED,
termstructures,AndreasenHugeVolatilityAdapter,UNFLAGGED,
termstructures,AndreasenHugeVolatilityInterpl,UNFLAGGED,
termstructures,BMASwapRateHelper,UNFLAGGED,
termstructures,BlackVolatilitySurfaceDelta,UNFLAGGED,
termstructures,BootstrapHelperSorter,UNFLAGGED,
termstructures,CPIBondHelper,UNFLAGGED,
termstructures,Cube,UNFLAGGED,
termstructures,CubicBSplinesFitting,UNFLAGGED,
termstructures,DateHelper,UNFLAGGED,
termstructures,ExponentialSplinesFitting,UNFLAGGED,
termstructures,FittedBondDiscountCurve,UNFLAGGED,
termstructures,GlobalBootstrap,UNFLAGGED,
termstructures,InterpolatedCurve,UNFLAGGED,
termstructures,MultiCurve,UNFLAGGED,
termstructures,MultiCurveBootstrap,UNFLAGGED,
termstructures,MultiCurveBootstrapContributor,UNFLAGGED,
termstructures,MultiCurveBootstrapProvider,UNFLAGGED,
termstructures,MultipleResetsSwapRateHelper,UNFLAGGED,
termstructures,NaturalCubicFitting,UNFLAGGED,
termstructures,NelsonSiegelFitting,UNFLAGGED,
termstructures,OptionletStripper,UNFLAGGED,
termstructures,PiecewiseSpreadYieldCurve,UNFLAGGED,
termstructures,Pillar,UNFLAGGED,
termstructures,PrivateObserver,UNFLAGGED,
termstructures,SimplePolynomialFitting,UNFLAGGED,
termstructures,SimpleQuoteVariables,UNFLAGGED,
termstructures,SimpleZeroYield,UNFLAGGED,
termstructures,SingleStepCalibrationResult,UNFLAGGED,
termstructures,SpreadFittingMethod,UNFLAGGED,
termstructures,SvenssonFitting,UNFLAGGED,
termstructures,SwaptionVolCubeSabrModel,UNFLAGGED,
termstructures,SwaptionVolCubeZabrModel,UNFLAGGED,
termstructures,XabrModelTraits,UNFLAGGED,
termstructures,ZabrFullFd,UNFLAGGED,
termstructures,ZabrLocalVolatility,UNFLAGGED,
termstructures,ZabrShortMaturityLognormal,UNFLAGGED,
termstructures,ZabrShortMaturityNormal,UNFLAGGED,
time,AFB_Impl,UNFLAGGED,
time,ASX,UNFLAGGED,
time,AsxImpl,UNFLAGGED,
time,AucklandImpl,UNFLAGGED,
time,BVBImpl,UNFLAGGED,
time,BejImpl,UNFLAGGED,
time,BmvImpl,UNFLAGGED,
time,BseImpl,UNFLAGGED,
time,BsseImpl,UNFLAGGED,
time,CA_Impl,UNFLAGGED,
time,CommonImpl,UNFLAGGED,
time,ECB,UNFLAGGED,
time,EU_Impl,UNFLAGGED,
time,EurexImpl,UNFLAGGED,
time,EuwaxImpl,UNFLAGGED,
time,ExchangeImpl,UNFLAGGED,
time,FederalReserveImpl,UNFLAGGED,
time,FrankfurtStockExchangeImpl,UNFLAGGED,
time,GovernmentBondImpl,UNFLAGGED,
time,HkexImpl,UNFLAGGED,
time,IMM,UNFLAGGED,
time,ISDA_Impl,UNFLAGGED,
time,ISMA_Impl,UNFLAGGED,
time,IT_Impl,UNFLAGGED,
time,IbImpl,UNFLAGGED,
time,IcexImpl,UNFLAGGED,
time,KrxImpl,UNFLAGGED,
time,LiborImpactImpl,UNFLAGGED,
time,LseImpl,UNFLAGGED,
time,MervalImpl,UNFLAGGED,
time,MetalsImpl,UNFLAGGED,
time,MnseImpl,UNFLAGGED,
time,MseImpl,UNFLAGGED,
time,NASD_Impl,UNFLAGGED,
time,NL_Impl,UNFLAGGED,
time,NercImpl,UNFLAGGED,
time,NseImpl,UNFLAGGED,
time,NyseImpl,UNFLAGGED,
time,Old_ISMA_Impl,UNFLAGGED,
time,OrthodoxImpl,UNFLAGGED,
time,PseImpl,UNFLAGGED,
time,PublicImpl,UNFLAGGED,
time,SetImpl,UNFLAGGED,
time,SettlementImpl,UNFLAGGED,
time,SgxImpl,UNFLAGGED,
time,SofrImpl,UNFLAGGED,
time,SseImpl,UNFLAGGED,
time,TadawulImpl,UNFLAGGED,
time,Thirty360_Impl,UNFLAGGED,
time,TsecImpl,UNFLAGGED,
time,TsxImpl,UNFLAGGED,
time,US_Impl,UNFLAGGED,
time,UseImpl,UNFLAGGED,
time,WellingtonImpl,UNFLAGGED,
time,WesternImpl,UNFLAGGED,
time,WseImpl,UNFLAGGED,
time,XetraImpl,UNFLAGGED,
time,ZseImpl,UNFLAGGED,
